{
  "n_trades": 530,
  "n_symbols": 1,
  "close_ts_utc": "2024-06-28 06:40:00+00:00",
  "cash_balance": 2.6016762951220045,
  "market_value": 0.0,
  "equity_estimate": 2.6016762951220045,
  "realized_pnl_total": 2.6016762951219867,
  "unrealized_pnl_total": 0.0,
  "reconciliation": {
    "is_used": true,
    "n_mismatch": 0
  }
}