{
  "n_trades": 1948,
  "n_symbols": 1,
  "close_ts_utc": "2024-06-30 23:55:00+00:00",
  "cash_balance": -0.013641972767022503,
  "market_value": 0.0,
  "equity_estimate": -0.013641972767022503,
  "realized_pnl_total": -0.013641972767018062,
  "unrealized_pnl_total": 0.0,
  "reconciliation": {
    "is_used": true,
    "n_mismatch": 0
  }
}